"iter","muon+adamw--lr1e-3 - train/loss","muon+adamw--lr1e-3 - train/loss__MIN","muon+adamw--lr1e-3 - train/loss__MAX","muon+adamw--lr1e-3 - _step","muon+adamw--lr1e-3 - _step__MIN","muon+adamw--lr1e-3 - _step__MAX","muon-cos_inf - train/loss","muon-cos_inf - train/loss__MIN","muon-cos_inf - train/loss__MAX","muon-cos_inf - _step","muon-cos_inf - _step__MIN","muon-cos_inf - _step__MAX","muon+adamw--lr1.5e-3 - train/loss","muon+adamw--lr1.5e-3 - train/loss__MIN","muon+adamw--lr1.5e-3 - train/loss__MAX","muon+adamw--lr1.5e-3 - _step","muon+adamw--lr1.5e-3 - _step__MIN","muon+adamw--lr1.5e-3 - _step__MAX","muon1500 - train/loss","muon1500 - train/loss__MIN","muon1500 - train/loss__MAX","muon1500 - _step","muon1500 - _step__MIN","muon1500 - _step__MAX","muon-linear - train/loss","muon-linear - train/loss__MIN","muon-linear - train/loss__MAX","muon-linear - _step","muon-linear - _step__MIN","muon-linear - _step__MAX","muon-cosine - train/loss","muon-cosine - train/loss__MIN","muon-cosine - train/loss__MAX","muon-cosine - _step","muon-cosine - _step__MIN","muon-cosine - _step__MAX","muon - train/loss","muon - train/loss__MIN","muon - train/loss__MAX","muon - _step","muon - _step__MIN","muon - _step__MAX"
"0","","","","","","","10.919052124023438","10.919052124023438","10.919052124023438","2","2","2","","","","","","","10.919052124023438","10.919052124023438","10.919052124023438","2","2","2","10.919052124023438","10.919052124023438","10.919052124023438","2","2","2","10.919052124023438","10.919052124023438","10.919052124023438","2","2","2","10.919052124023438","10.919052124023438","10.919052124023438","2","2","2"
"50","","","","","","","9.49044418334961","9.49044418334961","9.49044418334961","4","4","4","","","","","","","7.008484363555908","7.008484363555908","7.008484363555908","4","4","4","9.128662109375","9.128662109375","9.128662109375","4","4","4","9.56515121459961","9.56515121459961","9.56515121459961","4","4","4","6.997884273529053","6.997884273529053","6.997884273529053","4","4","4"
"100","","","","","","","8.338510513305664","8.338510513305664","8.338510513305664","6","6","6","","","","","","","6.396829605102539","6.396829605102539","6.396829605102539","6","6","6","7.944677352905273","7.944677352905273","7.944677352905273","6","6","6","8.059391975402832","8.059391975402832","8.059391975402832","6","6","6","6.409663200378418","6.409663200378418","6.409663200378418","6","6","6"
"150","","","","","","","7.596870422363281","7.596870422363281","7.596870422363281","8","8","8","","","","","","","5.759705543518066","5.759705543518066","5.759705543518066","8","8","8","7.156269073486328","7.156269073486328","7.156269073486328","8","8","8","7.048842430114746","7.048842430114746","7.048842430114746","8","8","8","5.758970260620117","5.758970260620117","5.758970260620117","8","8","8"
"200","","","","","","","7.474879264831543","7.474879264831543","7.474879264831543","10","10","10","","","","","","","5.774145126342773","5.774145126342773","5.774145126342773","10","10","10","7.008640289306641","7.008640289306641","7.008640289306641","10","10","10","6.796055316925049","6.796055316925049","6.796055316925049","10","10","10","5.779904365539551","5.779904365539551","5.779904365539551","10","10","10"
"250","","","","","","","6.534826755523682","6.534826755523682","6.534826755523682","12","12","12","","","","","","","5.107823371887207","5.107823371887207","5.107823371887207","12","12","12","6.085810661315918","6.085810661315918","6.085810661315918","12","12","12","5.81234884262085","5.81234884262085","5.81234884262085","12","12","12","5.1041436195373535","5.1041436195373535","5.1041436195373535","12","12","12"
"300","","","","","","","6.617488861083984","6.617488861083984","6.617488861083984","14","14","14","","","","","","","5.176036834716797","5.176036834716797","5.176036834716797","14","14","14","6.073354244232178","6.073354244232178","6.073354244232178","14","14","14","5.72865104675293","5.72865104675293","5.72865104675293","14","14","14","5.171133041381836","5.171133041381836","5.171133041381836","14","14","14"
"350","","","","","","","6.049908638000488","6.049908638000488","6.049908638000488","16","16","16","","","","","","","4.777434349060059","4.777434349060059","4.777434349060059","16","16","16","5.507349967956543","5.507349967956543","5.507349967956543","16","16","16","5.186074733734131","5.186074733734131","5.186074733734131","16","16","16","4.795282363891602","4.795282363891602","4.795282363891602","16","16","16"
"400","","","","","","","5.698488712310791","5.698488712310791","5.698488712310791","18","18","18","","","","","","","4.621083736419678","4.621083736419678","4.621083736419678","18","18","18","5.185881614685059","5.185881614685059","5.185881614685059","18","18","18","4.939150333404541","4.939150333404541","4.939150333404541","18","18","18","4.6219868659973145","4.6219868659973145","4.6219868659973145","18","18","18"
"450","","","","","","","5.856957912445068","5.856957912445068","5.856957912445068","20","20","20","","","","","","","4.877933025360107","4.877933025360107","4.877933025360107","20","20","20","5.395583152770996","5.395583152770996","5.395583152770996","20","20","20","5.148649215698242","5.148649215698242","5.148649215698242","20","20","20","4.871901512145996","4.871901512145996","4.871901512145996","20","20","20"
"500","","","","","","","5.452703952789307","5.452703952789307","5.452703952789307","22","22","22","","","","","","","4.679451942443848","4.679451942443848","4.679451942443848","22","22","22","5.082888126373291","5.082888126373291","5.082888126373291","22","22","22","4.89664363861084","4.89664363861084","4.89664363861084","22","22","22","4.679947853088379","4.679947853088379","4.679947853088379","22","22","22"
"550","","","","","","","5.316445350646973","5.316445350646973","5.316445350646973","24","24","24","","","","","","","4.6049299240112305","4.6049299240112305","4.6049299240112305","24","24","24","4.983453750610352","4.983453750610352","4.983453750610352","24","24","24","4.7960309982299805","4.7960309982299805","4.7960309982299805","24","24","24","4.595329284667969","4.595329284667969","4.595329284667969","24","24","24"
"600","","","","","","","5.107208251953125","5.107208251953125","5.107208251953125","26","26","26","","","","","","","4.421701908111572","4.421701908111572","4.421701908111572","26","26","26","4.800763130187988","4.800763130187988","4.800763130187988","26","26","26","4.602164268493652","4.602164268493652","4.602164268493652","26","26","26","4.41891622543335","4.41891622543335","4.41891622543335","26","26","26"
"650","","","","","","","5.185696125030518","5.185696125030518","5.185696125030518","28","28","28","","","","","","","4.579272270202637","4.579272270202637","4.579272270202637","28","28","28","4.933740615844727","4.933740615844727","4.933740615844727","28","28","28","4.753067493438721","4.753067493438721","4.753067493438721","28","28","28","4.582004547119141","4.582004547119141","4.582004547119141","28","28","28"
"700","","","","","","","5.185164451599121","5.185164451599121","5.185164451599121","30","30","30","","","","","","","4.591048240661621","4.591048240661621","4.591048240661621","30","30","30","4.953522682189941","4.953522682189941","4.953522682189941","30","30","30","4.756509304046631","4.756509304046631","4.756509304046631","30","30","30","4.584210395812988","4.584210395812988","4.584210395812988","30","30","30"
"750","","","","","","","5.002288818359375","5.002288818359375","5.002288818359375","32","32","32","","","","","","","4.438493728637695","4.438493728637695","4.438493728637695","32","32","32","4.7679762840271","4.7679762840271","4.7679762840271","32","32","32","4.5900726318359375","4.5900726318359375","4.5900726318359375","32","32","32","4.440983772277832","4.440983772277832","4.440983772277832","32","32","32"
"800","","","","","","","4.949491500854492","4.949491500854492","4.949491500854492","34","34","34","","","","","","","4.3676910400390625","4.3676910400390625","4.3676910400390625","34","34","34","4.685254096984863","4.685254096984863","4.685254096984863","34","34","34","4.543972969055176","4.543972969055176","4.543972969055176","34","34","34","4.375347137451172","4.375347137451172","4.375347137451172","34","34","34"
"850","","","","","","","4.609883785247803","4.609883785247803","4.609883785247803","36","36","36","","","","","","","4.190507888793945","4.190507888793945","4.190507888793945","36","36","36","4.442894458770752","4.442894458770752","4.442894458770752","36","36","36","4.29089879989624","4.29089879989624","4.29089879989624","36","36","36","4.186201095581055","4.186201095581055","4.186201095581055","36","36","36"
"900","","","","","","","4.490556716918945","4.490556716918945","4.490556716918945","38","38","38","","","","","","","4.0826497077941895","4.0826497077941895","4.0826497077941895","38","38","38","4.333171367645264","4.333171367645264","4.333171367645264","38","38","38","4.1813645362854","4.1813645362854","4.1813645362854","38","38","38","4.081141471862793","4.081141471862793","4.081141471862793","38","38","38"
"950","","","","","","","4.346391677856445","4.346391677856445","4.346391677856445","40","40","40","","","","","","","3.990124225616455","3.990124225616455","3.990124225616455","40","40","40","4.199871063232422","4.199871063232422","4.199871063232422","40","40","40","4.0550737380981445","4.0550737380981445","4.0550737380981445","40","40","40","3.990298271179199","3.990298271179199","3.990298271179199","40","40","40"
"1000","","","","","","","4.3534698486328125","4.3534698486328125","4.3534698486328125","42","42","42","","","","","","","4.014179229736328","4.014179229736328","4.014179229736328","42","42","42","4.231141567230225","4.231141567230225","4.231141567230225","42","42","42","4.081607818603516","4.081607818603516","4.081607818603516","42","42","42","4.0153937339782715","4.0153937339782715","4.0153937339782715","42","42","42"
"1050","","","","","","","4.416359901428223","4.416359901428223","4.416359901428223","44","44","44","","","","","","","4.0829243659973145","4.0829243659973145","4.0829243659973145","44","44","44","4.2833476066589355","4.2833476066589355","4.2833476066589355","44","44","44","4.147402286529541","4.147402286529541","4.147402286529541","44","44","44","4.089320182800293","4.089320182800293","4.089320182800293","44","44","44"
"1100","","","","","","","4.218237400054932","4.218237400054932","4.218237400054932","46","46","46","","","","","","","3.9410958290100098","3.9410958290100098","3.9410958290100098","46","46","46","4.118860721588135","4.118860721588135","4.118860721588135","46","46","46","4.001617431640625","4.001617431640625","4.001617431640625","46","46","46","3.9434027671813965","3.9434027671813965","3.9434027671813965","46","46","46"
"1150","","","","","","","4.181075096130371","4.181075096130371","4.181075096130371","48","48","48","","","","","","","3.954139232635498","3.954139232635498","3.954139232635498","48","48","48","4.105134963989258","4.105134963989258","4.105134963989258","48","48","48","3.997098445892334","3.997098445892334","3.997098445892334","48","48","48","3.958850383758545","3.958850383758545","3.958850383758545","48","48","48"
"1200","","","","","","","4.249743461608887","4.249743461608887","4.249743461608887","50","50","50","","","","","","","4.025431156158447","4.025431156158447","4.025431156158447","50","50","50","4.174101829528809","4.174101829528809","4.174101829528809","50","50","50","4.046535491943359","4.046535491943359","4.046535491943359","50","50","50","4.0206828117370605","4.0206828117370605","4.0206828117370605","50","50","50"
"1250","","","","","","","4.368521690368652","4.368521690368652","4.368521690368652","52","52","52","","","","","","","4.166089057922363","4.166089057922363","4.166089057922363","52","52","52","4.28069543838501","4.28069543838501","4.28069543838501","52","52","52","4.1834821701049805","4.1834821701049805","4.1834821701049805","52","52","52","4.154674530029297","4.154674530029297","4.154674530029297","52","52","52"
"1300","","","","","","","4.184697151184082","4.184697151184082","4.184697151184082","54","54","54","","","","","","","4.011785507202148","4.011785507202148","4.011785507202148","54","54","54","4.120457172393799","4.120457172393799","4.120457172393799","54","54","54","4.035639762878418","4.035639762878418","4.035639762878418","54","54","54","4.0202178955078125","4.0202178955078125","4.0202178955078125","54","54","54"
"1350","","","","","","","4.10633659362793","4.10633659362793","4.10633659362793","56","56","56","","","","","","","3.9404373168945312","3.9404373168945312","3.9404373168945312","56","56","56","4.06532621383667","4.06532621383667","4.06532621383667","56","56","56","3.9707818031311035","3.9707818031311035","3.9707818031311035","56","56","56","3.944201946258545","3.944201946258545","3.944201946258545","56","56","56"
"1400","","","","","","","4.111614227294922","4.111614227294922","4.111614227294922","58","58","58","","","","","","","3.941049814224243","3.941049814224243","3.941049814224243","58","58","58","4.062551021575928","4.062551021575928","4.062551021575928","58","58","58","3.955414056777954","3.955414056777954","3.955414056777954","58","58","58","3.9470691680908203","3.9470691680908203","3.9470691680908203","58","58","58"
"1450","","","","","","","4.053806781768799","4.053806781768799","4.053806781768799","60","60","60","","","","","","","3.912594795227051","3.912594795227051","3.912594795227051","60","60","60","4.032015800476074","4.032015800476074","4.032015800476074","60","60","60","3.9318180084228516","3.9318180084228516","3.9318180084228516","60","60","60","3.914201259613037","3.914201259613037","3.914201259613037","60","60","60"
"1500","3.9791202545166016","3.9791202545166016","3.9791202545166016","3","3","3","3.785688877105713","3.785688877105713","3.785688877105713","62","62","62","3.9791202545166016","3.9791202545166016","3.9791202545166016","3","3","3","3.9791202545166016","3.9791202545166016","3.9791202545166016","62","62","62","3.7449193000793457","3.7449193000793457","3.7449193000793457","62","62","62","3.6646347045898438","3.6646347045898438","3.6646347045898438","62","62","62","3.6580190658569336","3.6580190658569336","3.6580190658569336","62","62","62"
"1550","","","","","","","3.8153576850891113","3.8153576850891113","3.8153576850891113","64","64","64","","","","","","","","","","","","","3.7854974269866943","3.7854974269866943","3.7854974269866943","64","64","64","3.684894323348999","3.684894323348999","3.684894323348999","64","64","64","3.6873369216918945","3.6873369216918945","3.6873369216918945","64","64","64"
"1600","3.976130723953247","3.976130723953247","3.976130723953247","5","5","5","3.946478843688965","3.946478843688965","3.946478843688965","66","66","66","4.121388912200928","4.121388912200928","4.121388912200928","5","5","5","","","","","","","3.9029369354248047","3.9029369354248047","3.9029369354248047","66","66","66","3.8277571201324463","3.8277571201324463","3.8277571201324463","66","66","66","3.8355636596679688","3.8355636596679688","3.8355636596679688","66","66","66"
"1650","","","","","","","3.6344218254089355","3.6344218254089355","3.6344218254089355","68","68","68","","","","","","","","","","","","","3.5896029472351074","3.5896029472351074","3.5896029472351074","68","68","68","3.519416332244873","3.519416332244873","3.519416332244873","68","68","68","3.536241054534912","3.536241054534912","3.536241054534912","68","68","68"
"1700","3.943861484527588","3.943861484527588","3.943861484527588","7","7","7","3.8241941928863525","3.8241941928863525","3.8241941928863525","70","70","70","4.068241119384766","4.068241119384766","4.068241119384766","7","7","7","","","","","","","3.797966480255127","3.797966480255127","3.797966480255127","70","70","70","3.715660572052002","3.715660572052002","3.715660572052002","70","70","70","3.7342419624328613","3.7342419624328613","3.7342419624328613","70","70","70"
"1750","","","","","","","3.804640293121338","3.804640293121338","3.804640293121338","72","72","72","","","","","","","","","","","","","3.7881693840026855","3.7881693840026855","3.7881693840026855","72","72","72","3.7101798057556152","3.7101798057556152","3.7101798057556152","72","72","72","3.717785120010376","3.717785120010376","3.717785120010376","72","72","72"
"1800","3.80657958984375","3.80657958984375","3.80657958984375","9","9","9","3.789109706878662","3.789109706878662","3.789109706878662","74","74","74","3.913670539855957","3.913670539855957","3.913670539855957","9","9","9","","","","","","","3.7549962997436523","3.7549962997436523","3.7549962997436523","74","74","74","3.683702230453491","3.683702230453491","3.683702230453491","74","74","74","3.716431140899658","3.716431140899658","3.716431140899658","74","74","74"
"1850","","","","","","","3.601604700088501","3.601604700088501","3.601604700088501","76","76","76","","","","","","","","","","","","","3.5659594535827637","3.5659594535827637","3.5659594535827637","76","76","76","3.502981662750244","3.502981662750244","3.502981662750244","76","76","76","3.5325140953063965","3.5325140953063965","3.5325140953063965","76","76","76"
"1900","3.7831077575683594","3.7831077575683594","3.7831077575683594","11","11","11","3.6509575843811035","3.6509575843811035","3.6509575843811035","78","78","78","3.8823776245117188","3.8823776245117188","3.8823776245117188","11","11","11","","","","","","","3.628857374191284","3.628857374191284","3.628857374191284","78","78","78","3.5623319149017334","3.5623319149017334","3.5623319149017334","78","78","78","3.5870933532714844","3.5870933532714844","3.5870933532714844","78","78","78"
"1950","","","","","","","3.99751615524292","3.99751615524292","3.99751615524292","80","80","80","","","","","","","","","","","","","3.9824306964874268","3.9824306964874268","3.9824306964874268","80","80","80","3.8879878520965576","3.8879878520965576","3.8879878520965576","80","80","80","3.9575886726379395","3.9575886726379395","3.9575886726379395","80","80","80"
"2000","3.701307773590088","3.701307773590088","3.701307773590088","13","13","13","4.0203094482421875","4.0203094482421875","4.0203094482421875","82","82","82","3.774517774581909","3.774517774581909","3.774517774581909","13","13","13","","","","","","","4.008546829223633","4.008546829223633","4.008546829223633","82","82","82","3.936476469039917","3.936476469039917","3.936476469039917","82","82","82","3.9892444610595703","3.9892444610595703","3.9892444610595703","82","82","82"
"2050","","","","","","","3.8800547122955322","3.8800547122955322","3.8800547122955322","84","84","84","","","","","","","","","","","","","3.8952932357788086","3.8952932357788086","3.8952932357788086","84","84","84","3.80668568611145","3.80668568611145","3.80668568611145","84","84","84","3.854100227355957","3.854100227355957","3.854100227355957","84","84","84"
"2100","3.6346137523651123","3.6346137523651123","3.6346137523651123","15","15","15","3.725991725921631","3.725991725921631","3.725991725921631","86","86","86","3.715014934539795","3.715014934539795","3.715014934539795","15","15","15","","","","","","","3.73545503616333","3.73545503616333","3.73545503616333","86","86","86","3.645979881286621","3.645979881286621","3.645979881286621","86","86","86","3.703188896179199","3.703188896179199","3.703188896179199","86","86","86"
"2150","","","","","","","3.475313663482666","3.475313663482666","3.475313663482666","88","88","88","","","","","","","","","","","","","3.4795656204223633","3.4795656204223633","3.4795656204223633","88","88","88","3.4084720611572266","3.4084720611572266","3.4084720611572266","88","88","88","3.4682703018188477","3.4682703018188477","3.4682703018188477","88","88","88"
"2200","3.7533774375915527","3.7533774375915527","3.7533774375915527","17","17","17","3.7727909088134766","3.7727909088134766","3.7727909088134766","90","90","90","3.8090710639953613","3.8090710639953613","3.8090710639953613","17","17","17","","","","","","","3.786135196685791","3.786135196685791","3.786135196685791","90","90","90","3.697580337524414","3.697580337524414","3.697580337524414","90","90","90","3.7795791625976562","3.7795791625976562","3.7795791625976562","90","90","90"
"2250","","","","","","","3.5739240646362305","3.5739240646362305","3.5739240646362305","92","92","92","","","","","","","","","","","","","3.5989584922790527","3.5989584922790527","3.5989584922790527","92","92","92","3.5081875324249268","3.5081875324249268","3.5081875324249268","92","92","92","3.5718493461608887","3.5718493461608887","3.5718493461608887","92","92","92"
"2300","3.7113771438598633","3.7113771438598633","3.7113771438598633","19","19","19","3.672356128692627","3.672356128692627","3.672356128692627","94","94","94","3.7647109031677246","3.7647109031677246","3.7647109031677246","19","19","19","","","","","","","3.6891016960144043","3.6891016960144043","3.6891016960144043","94","94","94","3.61179256439209","3.61179256439209","3.61179256439209","94","94","94","3.6586179733276367","3.6586179733276367","3.6586179733276367","94","94","94"
"2350","","","","","","","3.8032023906707764","3.8032023906707764","3.8032023906707764","96","96","96","","","","","","","","","","","","","3.8095736503601074","3.8095736503601074","3.8095736503601074","96","96","96","3.735039472579956","3.735039472579956","3.735039472579956","96","96","96","3.805032730102539","3.805032730102539","3.805032730102539","96","96","96"
"2400","3.65442156791687","3.65442156791687","3.65442156791687","21","21","21","3.571660041809082","3.571660041809082","3.571660041809082","98","98","98","3.7154157161712646","3.7154157161712646","3.7154157161712646","21","21","21","","","","","","","3.6041030883789062","3.6041030883789062","3.6041030883789062","98","98","98","3.513145923614502","3.513145923614502","3.513145923614502","98","98","98","3.6015684604644775","3.6015684604644775","3.6015684604644775","98","98","98"
"2450","","","","","","","3.4462943077087402","3.4462943077087402","3.4462943077087402","100","100","100","","","","","","","","","","","","","3.4848806858062744","3.4848806858062744","3.4848806858062744","100","100","100","3.398171901702881","3.398171901702881","3.398171901702881","100","100","100","3.4805054664611816","3.4805054664611816","3.4805054664611816","100","100","100"
"2500","3.5261752605438232","3.5261752605438232","3.5261752605438232","23","23","23","3.615659236907959","3.615659236907959","3.615659236907959","102","102","102","3.5784878730773926","3.5784878730773926","3.5784878730773926","23","23","23","","","","","","","3.6556971073150635","3.6556971073150635","3.6556971073150635","102","102","102","3.5694210529327393","3.5694210529327393","3.5694210529327393","102","102","102","3.6508941650390625","3.6508941650390625","3.6508941650390625","102","102","102"
"2550","","","","","","","3.6306569576263428","3.6306569576263428","3.6306569576263428","104","104","104","","","","","","","","","","","","","3.6519618034362793","3.6519618034362793","3.6519618034362793","104","104","104","3.5795533657073975","3.5795533657073975","3.5795533657073975","104","104","104","3.6656641960144043","3.6656641960144043","3.6656641960144043","104","104","104"
"2600","3.707460403442383","3.707460403442383","3.707460403442383","25","25","25","3.6395864486694336","3.6395864486694336","3.6395864486694336","106","106","106","3.7554054260253906","3.7554054260253906","3.7554054260253906","25","25","25","","","","","","","3.6769042015075684","3.6769042015075684","3.6769042015075684","106","106","106","3.5940661430358887","3.5940661430358887","3.5940661430358887","106","106","106","3.6677284240722656","3.6677284240722656","3.6677284240722656","106","106","106"
"2650","","","","","","","3.4686923027038574","3.4686923027038574","3.4686923027038574","108","108","108","","","","","","","","","","","","","3.4993770122528076","3.4993770122528076","3.4993770122528076","108","108","108","3.421354293823242","3.421354293823242","3.421354293823242","108","108","108","3.5276341438293457","3.5276341438293457","3.5276341438293457","108","108","108"
"2700","3.5931506156921387","3.5931506156921387","3.5931506156921387","27","27","27","3.8160951137542725","3.8160951137542725","3.8160951137542725","110","110","110","3.6433608531951904","3.6433608531951904","3.6433608531951904","27","27","27","","","","","","","3.8512814044952393","3.8512814044952393","3.8512814044952393","110","110","110","3.7684473991394043","3.7684473991394043","3.7684473991394043","110","110","110","3.869039535522461","3.869039535522461","3.869039535522461","110","110","110"
"2750","","","","","","","3.4360222816467285","3.4360222816467285","3.4360222816467285","112","112","112","","","","","","","","","","","","","3.47737717628479","3.47737717628479","3.47737717628479","112","112","112","3.4021902084350586","3.4021902084350586","3.4021902084350586","112","112","112","3.5035324096679688","3.5035324096679688","3.5035324096679688","112","112","112"
"2800","3.399176597595215","3.399176597595215","3.399176597595215","29","29","29","3.6494884490966797","3.6494884490966797","3.6494884490966797","114","114","114","3.4417362213134766","3.4417362213134766","3.4417362213134766","29","29","29","","","","","","","3.6963448524475098","3.6963448524475098","3.6963448524475098","114","114","114","3.603691577911377","3.603691577911377","3.603691577911377","114","114","114","3.705559253692627","3.705559253692627","3.705559253692627","114","114","114"
"2850","","","","","","","3.640519142150879","3.640519142150879","3.640519142150879","116","116","116","","","","","","","","","","","","","3.704756259918213","3.704756259918213","3.704756259918213","116","116","116","3.6173253059387207","3.6173253059387207","3.6173253059387207","116","116","116","3.713679075241089","3.713679075241089","3.713679075241089","116","116","116"
"2900","3.569298505783081","3.569298505783081","3.569298505783081","31","31","31","3.5286662578582764","3.5286662578582764","3.5286662578582764","118","118","118","3.6083767414093018","3.6083767414093018","3.6083767414093018","31","31","31","","","","","","","3.5970518589019775","3.5970518589019775","3.5970518589019775","118","118","118","3.510197639465332","3.510197639465332","3.510197639465332","118","118","118","3.6162214279174805","3.6162214279174805","3.6162214279174805","118","118","118"
"2950","","","","","","","3.314164400100708","3.314164400100708","3.314164400100708","120","120","120","","","","","","","","","","","","","3.3653018474578857","3.3653018474578857","3.3653018474578857","120","120","120","3.28434419631958","3.28434419631958","3.28434419631958","120","120","120","3.385684013366699","3.385684013366699","3.385684013366699","120","120","120"
"3000","3.473069429397583","3.473069429397583","3.473069429397583","33","33","33","3.686920404434204","3.686920404434204","3.686920404434204","122","122","122","3.49269437789917","3.49269437789917","3.49269437789917","33","33","33","","","","","","","3.743011474609375","3.743011474609375","3.743011474609375","122","122","122","3.66050124168396","3.66050124168396","3.66050124168396","122","122","122","3.7634501457214355","3.7634501457214355","3.7634501457214355","122","122","122"
"3050","","","","","","","3.7646799087524414","3.7646799087524414","3.7646799087524414","124","124","124","","","","","","","","","","","","","3.8286709785461426","3.8286709785461426","3.8286709785461426","124","124","124","3.741602897644043","3.741602897644043","3.741602897644043","124","124","124","3.859043836593628","3.859043836593628","3.859043836593628","124","124","124"
"3100","3.5185787677764893","3.5185787677764893","3.5185787677764893","35","35","35","3.5987625122070312","3.5987625122070312","3.5987625122070312","126","126","126","3.5353751182556152","3.5353751182556152","3.5353751182556152","35","35","35","","","","","","","3.661041736602783","3.661041736602783","3.661041736602783","126","126","126","3.5802667140960693","3.5802667140960693","3.5802667140960693","126","126","126","3.683729887008667","3.683729887008667","3.683729887008667","126","126","126"
"3150","","","","","","","3.3343400955200195","3.3343400955200195","3.3343400955200195","128","128","128","","","","","","","","","","","","","3.385403633117676","3.385403633117676","3.385403633117676","128","128","128","3.3152008056640625","3.3152008056640625","3.3152008056640625","128","128","128","3.4355525970458984","3.4355525970458984","3.4355525970458984","128","128","128"
"3200","3.5356385707855225","3.5356385707855225","3.5356385707855225","37","37","37","3.6748123168945312","3.6748123168945312","3.6748123168945312","130","130","130","3.546888828277588","3.546888828277588","3.546888828277588","37","37","37","","","","","","","3.7670793533325195","3.7670793533325195","3.7670793533325195","130","130","130","3.6787972450256348","3.6787972450256348","3.6787972450256348","130","130","130","3.8608131408691406","3.8608131408691406","3.8608131408691406","130","130","130"
"3250","","","","","","","3.373011589050293","3.373011589050293","3.373011589050293","132","132","132","","","","","","","","","","","","","3.432173728942871","3.432173728942871","3.432173728942871","132","132","132","3.3613600730895996","3.3613600730895996","3.3613600730895996","132","132","132","3.464153289794922","3.464153289794922","3.464153289794922","132","132","132"
"3300","3.465616226196289","3.465616226196289","3.465616226196289","39","39","39","3.2027664184570312","3.2027664184570312","3.2027664184570312","134","134","134","3.4812545776367188","3.4812545776367188","3.4812545776367188","39","39","39","","","","","","","3.2849550247192383","3.2849550247192383","3.2849550247192383","134","134","134","3.200713872909546","3.200713872909546","3.200713872909546","134","134","134","3.328582763671875","3.328582763671875","3.328582763671875","134","134","134"
"3350","","","","","","","3.4604344367980957","3.4604344367980957","3.4604344367980957","136","136","136","","","","","","","","","","","","","3.522794485092163","3.522794485092163","3.522794485092163","136","136","136","3.448838710784912","3.448838710784912","3.448838710784912","136","136","136","3.540665626525879","3.540665626525879","3.540665626525879","136","136","136"
"3400","3.494821071624756","3.494821071624756","3.494821071624756","41","41","41","3.352116823196411","3.352116823196411","3.352116823196411","138","138","138","3.5002787113189697","3.5002787113189697","3.5002787113189697","41","41","41","","","","","","","3.419156074523926","3.419156074523926","3.419156074523926","138","138","138","3.3375253677368164","3.3375253677368164","3.3375253677368164","138","138","138","3.4517064094543457","3.4517064094543457","3.4517064094543457","138","138","138"
"3450","","","","","","","3.467684745788574","3.467684745788574","3.467684745788574","140","140","140","","","","","","","","","","","","","3.5353052616119385","3.5353052616119385","3.5353052616119385","140","140","140","3.460226535797119","3.460226535797119","3.460226535797119","140","140","140","3.560555934906006","3.560555934906006","3.560555934906006","140","140","140"
"3500","3.642643928527832","3.642643928527832","3.642643928527832","43","43","43","3.449507713317871","3.449507713317871","3.449507713317871","142","142","142","3.6505279541015625","3.6505279541015625","3.6505279541015625","43","43","43","","","","","","","3.520115375518799","3.520115375518799","3.520115375518799","142","142","142","3.4395670890808105","3.4395670890808105","3.4395670890808105","142","142","142","3.5522119998931885","3.5522119998931885","3.5522119998931885","142","142","142"
"3550","","","","","","","3.3907923698425293","3.3907923698425293","3.3907923698425293","144","144","144","","","","","","","","","","","","","3.4482998847961426","3.4482998847961426","3.4482998847961426","144","144","144","3.390928030014038","3.390928030014038","3.390928030014038","144","144","144","3.4862470626831055","3.4862470626831055","3.4862470626831055","144","144","144"
"3600","3.570883274078369","3.570883274078369","3.570883274078369","45","45","45","3.6183974742889404","3.6183974742889404","3.6183974742889404","146","146","146","3.577444314956665","3.577444314956665","3.577444314956665","45","45","45","","","","","","","3.6807761192321777","3.6807761192321777","3.6807761192321777","146","146","146","3.621220111846924","3.621220111846924","3.621220111846924","146","146","146","3.733926773071289","3.733926773071289","3.733926773071289","146","146","146"
"3650","","","","","","","3.6550040245056152","3.6550040245056152","3.6550040245056152","148","148","148","","","","","","","","","","","","","3.7128138542175293","3.7128138542175293","3.7128138542175293","148","148","148","3.648542642593384","3.648542642593384","3.648542642593384","148","148","148","3.734318256378174","3.734318256378174","3.734318256378174","148","148","148"
"3700","3.5038700103759766","3.5038700103759766","3.5038700103759766","47","47","47","3.532578468322754","3.532578468322754","3.532578468322754","150","150","150","3.5099968910217285","3.5099968910217285","3.5099968910217285","47","47","47","","","","","","","3.594970703125","3.594970703125","3.594970703125","150","150","150","3.532604932785034","3.532604932785034","3.532604932785034","150","150","150","3.62912654876709","3.62912654876709","3.62912654876709","150","150","150"
"3750","","","","","","","3.5541529655456543","3.5541529655456543","3.5541529655456543","152","152","152","","","","","","","","","","","","","3.6112732887268066","3.6112732887268066","3.6112732887268066","152","152","152","3.5609333515167236","3.5609333515167236","3.5609333515167236","152","152","152","3.6551756858825684","3.6551756858825684","3.6551756858825684","152","152","152"
"3800","3.398672580718994","3.398672580718994","3.398672580718994","49","49","49","3.3370795249938965","3.3370795249938965","3.3370795249938965","154","154","154","3.405571937561035","3.405571937561035","3.405571937561035","49","49","49","","","","","","","3.39274263381958","3.39274263381958","3.39274263381958","154","154","154","3.3459835052490234","3.3459835052490234","3.3459835052490234","154","154","154","3.4308483600616455","3.4308483600616455","3.4308483600616455","154","154","154"
"3850","","","","","","","3.1824469566345215","3.1824469566345215","3.1824469566345215","156","156","156","","","","","","","","","","","","","3.246243953704834","3.246243953704834","3.246243953704834","156","156","156","3.186147689819336","3.186147689819336","3.186147689819336","156","156","156","3.2976551055908203","3.2976551055908203","3.2976551055908203","156","156","156"
"3900","3.3411002159118652","3.3411002159118652","3.3411002159118652","51","51","51","3.2790775299072266","3.2790775299072266","3.2790775299072266","158","158","158","3.350896120071411","3.350896120071411","3.350896120071411","51","51","51","","","","","","","3.3441009521484375","3.3441009521484375","3.3441009521484375","158","158","158","3.269347906112671","3.269347906112671","3.269347906112671","158","158","158","3.399955987930298","3.399955987930298","3.399955987930298","158","158","158"
"3950","","","","","","","3.436537742614746","3.436537742614746","3.436537742614746","160","160","160","","","","","","","","","","","","","3.4774982929229736","3.4774982929229736","3.4774982929229736","160","160","160","3.429490804672241","3.429490804672241","3.429490804672241","160","160","160","3.5169951915740967","3.5169951915740967","3.5169951915740967","160","160","160"
"4000","3.374002456665039","3.374002456665039","3.374002456665039","53","53","53","3.466671943664551","3.466671943664551","3.466671943664551","162","162","162","3.3619565963745117","3.3619565963745117","3.3619565963745117","53","53","53","","","","","","","3.5193395614624023","3.5193395614624023","3.5193395614624023","162","162","162","3.4697959423065186","3.4697959423065186","3.4697959423065186","162","162","162","3.580496311187744","3.580496311187744","3.580496311187744","162","162","162"